<?xml version="1.0"?><ROOT><TESTATA><SOCIETA>9100</SOCIETA><TIPO_CONS>FA</TIPO_CONS><__SERIE_S>C0</__SERIE_S><LOT_ID>005056B8000B1ED3BCDB39C00CD82E38</LOT_ID><TOT_DOCS>2</TOT_DOCS></TESTATA><DOCUMENTI><DOCUMENTO><__DATA_DOCUMENTO_DT>2012-01-02</__DATA_DOCUMENTO_DT><DATA_REGISTRAZIONE>2012-01-02</DATA_REGISTRAZIONE><__DATA_INIZIO_NUMERAZIONE_DT>2012-01-01</__DATA_INIZIO_NUMERAZIONE_DT><__ANNO_FISCALE_I>2012</__ANNO_FISCALE_I><__SERIE_S>C0</__SERIE_S><__NUMERO_DOCUMENTO_L>9112000001</__NUMERO_DOCUMENTO_L><__CODICE_FISCALE_S/><__PARTITA_IVA_S>IT12310160150</__PARTITA_IVA_S><CODICE_CLIENTE>1000001512</CODICE_CLIENTE><__DENOMINAZIONE_S>PEOPLE ON THE MOVE S.r.l.</__DENOMINAZIONE_S><TOTALE_IMPORTO_D>44,00</TOTALE_IMPORTO_D><NUMERO_DOC_RIF>9112000001</NUMERO_DOC_RIF><FILE_ID>005056B8000B1ED3BCDB356A38034E38</FILE_ID><LOT_ID>005056B8000B1ED3BCDB39C00CD82E38</LOT_ID><DOC_HASH>6BE7E0263410E2041B94072AD12E5F934A8C43BB</DOC_HASH><FILE_NAME>A91_9112000001_000_00.pdf</FILE_NAME></DOCUMENTO><DOCUMENTO><__DATA_DOCUMENTO_DT>2012-01-02</__DATA_DOCUMENTO_DT><DATA_REGISTRAZIONE>2012-01-02</DATA_REGISTRAZIONE><__DATA_INIZIO_NUMERAZIONE_DT>2012-01-01</__DATA_INIZIO_NUMERAZIONE_DT><__ANNO_FISCALE_I>2012</__ANNO_FISCALE_I><__SERIE_S>C0</__SERIE_S><__NUMERO_DOCUMENTO_L>9112000002</__NUMERO_DOCUMENTO_L><__CODICE_FISCALE_S>11043591004</__CODICE_FISCALE_S><__PARTITA_IVA_S>IT11043591004</__PARTITA_IVA_S><CODICE_CLIENTE>1000006414</CODICE_CLIENTE><__DENOMINAZIONE_S>ATA ALI SERVIZI S.P.A.</__DENOMINAZIONE_S><TOTALE_IMPORTO_D>1.201,81</TOTALE_IMPORTO_D><NUMERO_DOC_RIF>9112000002</NUMERO_DOC_RIF><FILE_ID>005056B8000B1ED3BCDB3712014F6E38</FILE_ID><LOT_ID>005056B8000B1ED3BCDB39C00CD82E38</LOT_ID><DOC_HASH>C71FA80ECFCB7C9C9746B73987673E41F185277E</DOC_HASH><FILE_NAME>A91_9112000002_000_00.pdf</FILE_NAME></DOCUMENTO></DOCUMENTI></ROOT>